{"mean": [0.8372337222099304, -5.397556781768799, 3.386223793029785, 0.01680218055844307, 0.01878972165286541, 0.04064503312110901], "scale": [3.735995292663574, 4.758938312530518, 5.643918037414551, 1.7560174465179443, 0.7158185839653015, 0.7994226217269897]}